movie_id,movie_name
1,Iron Man
2,Zodiac (Crime Fiction Film)
3,End of Watch
4,The Secret Life of Bees
5,A Walk to Remember
6,Turbo
7,Home Alone
8,Ferris Bueller's Day Off
9,The Martian
10,Pulp Fiction
11,The Rules of Attraction
12,The Princess Bride (Romantic comedy Film)
13,Fight Club
14,Panic Room
15,Wreck-It Ralph
16,There's Something About Mary
17,I Am Comic
18,Space Jam
19,Full Metal Jacket
20,A Clockwork Orange
21,Thor: The Dark World
22,No Strings Attached
23,Where the Heart Is
24,Princess Protection Program
25,Prison
26,I Heart Huckabees
27,Red Riding Hood
28,The Guard
29,11/22/63
30,Pet Sematary (Horror Film)
31,The Dead Zone
32,Mulholland Drive
33,Vigilante (Action/Adventure Film)
34,Thick as Thieves
35,Bend It Like Beckham
36,Snatch
37,The Gathering Storm (Political drama Film)
38,Valkyrie
39,The Girl on the Train
40,eXistenZ
41,Gravity
42,The Terminal
43,That Thing You Do!
44,Pushing Tin
45,Hot Fuzz
46,Star Trek (Science Fiction Film)
47,Moonrise Kingdom
48,Win a Date with Tad Hamilton!
49,The Three Stooges
50,2012
51,The Dark Knight
52,Fast Times at Ridgemont High
53,Into the Wild
54,The Incredible Hulk
55,Iron Man 3
56,The Situation
57,Battleship
58,The Big Lebowski
59,The Incredible Burt Wonderstone
60,Wild Geese
61,X-Men: Days of Future Past
62,The Jungle Book 2
63,The Game
64,X-Men
65,X-Men 2
66,Superman Returns
67,We Are Marshall
68,When a Stranger Calls (Horror Film) #10
69,Como agua para chocolate
70,True Romance
71,Death Proof
72,In Her Shoes
73,The Crucible
74,The Great Gatsby (Award-Winning Work)
75,Spider-Man
76,The Pursuit of Happyness
77,Seven Pounds
78,Remember the Titans
79,Training Day
80,The Hunted
81,Ghostbusters III
82,Arbitrage
83,No Country for Old Men
84,True Grit
85,Spider-Man 2
86,Fury
87,The Tree of Life
88,The Pledge
89,Mission: Impossible - Ghost Protocol
90,Unforgiven
91,The Kids Are All Right
92,District 9
93,Æon Flux
94,RocknRolla
95,The Fast and the Furious
96,Fast Five
97,Somewhere
98,
99,Reservoir Dogs
100,The Long Kiss Goodnight
101,Titanic
102,White Oleander
103,Indiana Jones and the Kingdom of the Crystal Skull
104,An Abundance of Katherines
105,The Fault in Our Stars
106,Dredd
107,War of the Worlds
108,XXX
109,Riddick (Science Fiction Film)
110,The Chronicles of Riddick
111,Slipstream (Science Fiction Film) #94
112,The Godfather
113,The Apostle
114,Toy Story
115,The Hangover Part II
116,Moon (Film)
117,Galaxy Quest
118,Super 8
119,Station Eleven
120,The Last Dragon
121,Lost in Translation
122,The Proposal
123,Valentine's Day (Romantic comedy Film)
124,Eye for an Eye
125,The Godfather: Part III
126,The Recruit
127,The Wackness
128,Taken 3
129,Time Bandits
130,The O.C.
131,"Good Night, and Good Luck"
132,Unbreakable
133,Saving Face
134,The Client
135,Door to Door
136,Street Smart (Crime Fiction Film)
137,Surrogates
138,The Violent Kind
139,Slumdog Millionaire
140,The Social Network
141,In Time
142,The Constant Gardener
143,Wrath of the Titans
144,The Lord of the Rings: The Fellowship of the Ring
145,Harry Potter and the Prisoner of Azkaban
146,Harry Potter and the Sorcerer's Stone
147,The Wolf of Wall Street
148,A Time to Kill
149,Mission: Impossible III
150,Days of Thunder
151,Miss Congeniality
152,2010
153,Catch-22
154,War and Remembrance
155,Zero Dark Thirty
156,Winnie-the-Pooh & The House at Pooh Corner
157,The Sun Also Rises
158,Source Code
159,Argo
160,X-Men: First Class
161,Minority Report
162,Jack Reacher
163,The Scorpion King
164,The BFG
165,The Cabin in the Woods
166,Knocked Up
167,Groundhog Day
168,Year One
169,Caddyshack
170,Vacation
171,Pretty in Pink
172,Transformers
173,Someone Like You
174,The Valley of Horses
175,The Good Thief
176,Whatever Works
177,To Rome with Love
178,Small Time Crooks
179,Yelling to the Sky
180,The Big Year
181,Road to Perdition
182,Larry Crowne
183,The Last Lecture
184,Washington's Crossing
185,The Sum of All Fears
186,Deception Point
187,Angels & Demons
188,Walk the Line
189,American Hustle
190,The Incredibles
191,Mission: Impossible - Rogue Nation
192,Oldboy
193,Touch of Evil
194,Terminator 2: Judgment Day
195,The Great Gatsby
196,The Sicilian
197,Memento
198,Message in a Bottle
199,Two By Two
200,The Notebook
201,Harry Potter and the Order of the Phoenix
202,Finding Nemo
203,A Bug's Life
204,The Hobbit: An Unexpected Journey
205,The Wolfman
206,Forrest Gump
207,Maleficent
208,Salt
209,Compliance (Crime Fiction Film)
210,It's a Wonderful Life
211,The Other Side of Heaven
212,The Butterfly Effect
213,Yes Man
214,Fun with Dick and Jane
215,The Princess Diaries 2: Royal Engagement
216,Life of Pi
217,Transformers: Dark of the Moon
218,Norbit
219,Friday After Next
220,The Players Club
221,Traffic
222,Happy Gilmore
223,Forgetting Sarah Marshall
224,Flatliners
225,Pan's Labyrinth
226,Shutter Island
227,Wild Wild West
228,Red Corner
229,My Soul to Take
230,Shark Night
231,Scarface
232,The Last Airbender
233,The Lost World: Jurassic Park
234,Jerry Maguire
235,The Bourne Ultimatum
236,On Her Majesty's Secret Service
237,Mission: Impossible
238,Vanilla Sky
239,Surviving Picasso
240,The Little Prince (Musical Drama Film)
241,The Catcher in the Rye
242,The Difference Engine
243,Soldier
244,The Other Guys
245,Zoolander
246,Looper
247,Back to the Future
248,2001: A Space Odyssey
249,Zoom
250,Shooting the Past
251,Young Sherlock Holmes
252,Young Adult
253,The Devil Wears Prada
254,Stuck on You
255,Young Guns II
256,Twister (Action/Adventure Film)
257,Good Will Hunting
258,We Bought a Zoo
259,Snow Angels
260,Your Highness
261,Burn After Reading
262,The Hudsucker Proxy
263,The Imitation Game
264,The Fifth Estate
265,Die Hard with a Vengeance
266,The Importance of Being Earnest
267,Alien
268,Bats
269,Eraserhead
270,The Blob (Horror Film) #28
271,Saw III
272,National Lampoon's Vacation
273,Dune
274,God Emperor of Dune
275,The Strange Case of Dr. Jekyll and Mr. Hyde
276,Pacific Rim
277,Wedding Crashers
278,Pacific Rim (Science Fiction Film)
279,A League of Their Own
280,The Flintstones (Crime Fiction Film)
281,Catwoman (Action/Adventure Film)
282,Star Trek
283,Eternal Sunshine of the Spotless Mind
284,As Good as It Gets
285,Purple Violets
286,Seven Psychopaths
287,Night at the Museum
288,Stoker
289,The Scorch Trials
290,Donnie Brasco
291,"The Good, the Bad and the Ugly"
292,Twin Spirits
293,Equilibrium
294,High School Musical 2
295,Dawson's Creek
296,The Vampire Diaries
297,Scream 4
298,Tropic Thunder
299,King Kong
300,Prince Valiant (Fantasy Film)
301,Ned Kelly (Crime Fiction Film)
302,Unleashed
303,Windtalkers
304,The Avengers
305,"Harry Potter and the Cursed Child, Parts One and Two"
306,The Blind Side
307,Friends with Benefits
308,All the Real Girls
309,The Shawshank Redemption
310,Shanghai Calling
311,The Bourne Supremacy
312,Rebecca (Television Film)
313,Cutthroat Island
314,Game Change
315,Batman Begins
316,The Muppets (Musical comedy Film)
317,Gangster Squad
318,Think Like A Man
319,Steve Harvey
320,The Wonderful Wizard of Oz
321,Thunderpants
322,Lucky You
323,Wonder Boys
324,Man of Steel
325,The Prestige
326,Star Wars (Science Fiction Film)
327,The Fugitive (Crime Fiction Film)
328,Men in Black II
329,Jackass
330,Pimp My Ride
331,Fear Factor
332,Pet Sematary
333,The Stand (Horror Film)
334,Wicked Business
335,Alice's Adventures in Wonderland
336,Shaun of the Dead
337,The Return of the Living Dead
338,The Birdcage
339,Zakhm
340,The Thing
341,Final Destination 5
342,The Woodlanders
343,In Cold Blood
344,The Grand Budapest Hotel
345,Amen.
346,Yes (Indie Film)
347,The Wedding Song
348,The Homesman
349,A Few Good Men
350,Spring Breakers
351,RED
352,The Sea Inside
353,Prometheus
354,Wing Commander
355,Grindhouse
356,The Lego Movie
357,Carlos (Thriller Film)
358,Cadillac Records
359,The Hobbit: The Battle of the Five Armies
360,Cowboys & Aliens
361,You Don't Get Life a Second Time
362,Divergent
363,The Return of the King
364,Les Misérables
365,Annie Hall
366,Shackleton (Action/Adventure Film)
367,Underworld: Awakening
368,The Fifth Element
369,Transporter 2
370,The Transporter
371,The Girl with the Dragon Tattoo
372,Machine Gun Preacher
373,The Brothers Bloom
374,Four Christmases
375,Harry Potter and the Chamber of Secrets
376,Harry Potter and the Order of the Phoenix (Fantasy Adventure Film)
377,Virtuosity
378,Wild Bill
379,The Football Factory
380,Gran Torino
381,Whipped
382,xXx
383,Wrong Turn
384,The Muse
385,This Is Spinal Tap
386,The Nanny
387,The Virgin Suicides
388,A.I. Artificial Intelligence
389,Grown Ups
390,Harry Potter and the Deathly Hallows – Part 2
391,Harry Potter and the Half-Blood Prince (Fantasy Adventure Film)
392,Hotel Rwanda
393,James and the Giant Peach
394,White Palace
395,The Exonerated
396,Pride and Prejudice
397,Unlawful Entry
398,Lara Croft Tomb Raider: The Cradle of Life
399,The Pallbearer
400,Swept Away
401,Yellow Submarine
402,Rupert and the Frog Song
403,THX 1138
404,The Time Traveler's Wife
405,Black Book
406,The Amazing Spider-Man
407,Iron Man 2
408,Last Action Hero
409,The Hurt Locker
410,The English Patient
411,Torment
412,Alice in Wonderland
413,Jack and Jill
414,The Queen
415,Fifty Shades of Grey
416,The Simpsons Movie
417,The Abolition of Man
418,Goya's Ghosts
419,Little Miss Sunshine
420,Once Upon a Time in the West
421,American Pie
422,American Wedding
423,You Again
424,The Day After Tomorrow
425,Lucy
426,The Other Boleyn Girl (Biographical Film)
427,The Lord of the Rings: The Return of the King
428,Sense and Sensibility
429,Lady Susan
430,Pride and Prejudice and Zombies
431,The Machinist
432,The Awakening
433,Whiplash
434,The Sing-Off
435,Gangs of New York
436,The Nanny Diaries
437,Pitch Black
438,Jaws
439,The Time Machine
440,The War of the Worlds
441,The Invisible Man
442,My Boy Jack
443,Live Free or Die Hard
444,Die Hard 2
445,Is Everyone Hanging Out Without Me? (And Other Concerns)
446,Hudson Hawk
447,We're the Millers
448,What's Your Number? (Romantic comedy Film)
449,The Invasion
450,The Untouchables
451,To Kill a Mockingbird
452,Nothing to Lose
453,Fast Food Nation : The Dark Side of the All-American Meal
454,Escape from New York
455,The Dirty Dozen
456,The Revenant
457,The Good Doctor (Thriller Film)
458,What Planet Are You From?
459,Tombstone
460,The Lorax
461,Paper Towns
462,Jumper
463,The Conjuring
464,Jack Goes Boating (Romantic comedy Film)
465,The Prince of Tides
466,My Sister's Keeper
467,Revolutionary Road
468,The Life of David Gale
469,Eclipse
470,Twilight (Fantasy Film)
471,Immortals
472,Harry Potter and the Half-Blood Prince
473,The Running Man
474,Lilo & Stitch
475,The SpongeBob SquarePants Movie
476,Inglourious Basterds
477,Aladdin
478,Treasure Planet
479,The Princess and the Frog
480,Eve's Bayou
481,Zoom (Science Fiction Film)
482,The Wolverine
483,Green Eggs and Ham
484,How the Grinch Stole Christmas!
485,Grandma's Boy
486,Complete Harry Potter Boxed Set
487,Fantastic Beasts and Where to Find Them
488,Daisy Fay and the Miracle Man
489,Independence Day
490,The Interview
491,The Young Messiah
492,The Hunger Games (Science Fiction Film)
493,In Good Company
494,Dreamgirls
495,Million Dollar Baby
496,Lincoln
497,The Help
498,World War Z: An Oral History of the Zombie War
499,Mean Girls
500,Wet Hot American Summer
501,The Long Way Home (History Film)
502,Magnolia (Film)
503,Atonement
504,The Quiet American
505,Without Remorse
506,The Expendables 2
507,The Pianist
508,The Rocker
509,The Croods
510,The Black Dahlia
511,Zodiac
512,By the Sea
513,X-Men Origins: Wolverine
514,21 Jump Street
515,"Monsters, Inc."
516,Zombieland
517,Taken
518,The Hunger Games
519,127 Hours
520,The Stand
521,The Firm
522,World Without End
523,The Shack: Where Tragedy Confronts Eternity
524,Rugrats Go Wild
525,Hitch
526,A Christmas Carol
527,Babel
528,Three Burials
529,Stormy Monday
530,Something Wild
531,Shrek
532,The Others
533,The Maze Runner
534,World War Z
535,White House Down
536,Lucky Number Slevin
537,An Excellent conceited Tragedie of Romeo and Juliet
538,Romeo and Juliet
539,A Midsummer Night's Dream
540,The Last Hero
541,A Short History of Nearly Everything
542,Little Women
543,Up in the Air
544,Syriana
545,Alfie
546,Schindler's List
547,The White Countess
548,The Pillars of the Earth
549,Despicable Me
550,Virginia (Romance Film) #190
551,Willow (Romantic comedy Film)
552,Goodfellas
553,Kites
554,Shrek the Third
555,Arthur Christmas
556,Princess Mononoke
557,Dawn of the Planet of the Apes
558,Dead Europe
559,Brave
560,The Golden Compass
561,The Giver (Science Fiction Film)
562,The Lorax (Animation Film) #10
563,Terms of Endearment
564,This Side of Paradise
565,Get Real
566,Beautiful Creatures
567,Whatever It Takes
568,The Giver
569,Inland Empire (Psychological thriller Film)
570,Street Kings
571,The Matrix Revisited
572,Bridesmaids
573,What Women Want
574,X-Men: The Last Stand
575,The Hobbit or There and Back Again
576,The Phantom (Action/Adventure Film)
577,Southland Tales
578,Persuasion
579,Water for Elephants
580,The Women of Brewster Place
581,Pirates of the Caribbean: The Curse of the Black Pearl
582,Transcendence
583,Harsh Times
584,Turner & Hooch
585,Sin City
586,Zookeeper (Romantic comedy Film)
587,Indiana Jones and the Last Crusade
588,Extraordinary Measures
589,The Last Don
590,The Shining (Horror Film)
591,Wild Things 2
592,Dead Poets Society
593,The Halloween Tree
594,Gia
595,Max Payne
596,Spud (Comedy)
597,Kingdom of Heaven
598,Evan Almighty
599,The Lives of Others
600,"The Chronicles of Narnia: The Lion, the Witch and the Wardrobe"
601,The Chronicles of Narnia: The Voyage of the Dawn Treader
602,The Goonies
603,Lockout
604,Jurassic Park
605,Dinosaur
606,The Land Before Time
607,The Wiz
608,Liar Liar
609,The Usual Suspects
610,Inception
611,The Dark Knight Rises
612,Le Petit Prince
613,Crocodile Dundee
614,New York Stories
615,The Godfather Part II
616,Spice World
617,The Adventures of Sherlock Holmes
618,The Valley of Fear
619,3rd Degree
620,Wicker Park
621,The Sting
622,Elf (Romantic comedy Film)
623,Gone with the Wind
624,Step Brothers
625,Talladega Nights: The Ballad of Ricky Bobby
626,Saw
627,"Peace, Love & Misunderstanding"
628,Red Cliff
629,Hero
630,The Wild Life
631,Red Dawn
632,Apocalypse Now
633,Jewtopia (Romantic comedy Film)
634,Titus (Thriller Film)
635,The Bourne Legacy
636,Proof of Life
637,Funny Games
638,Inside Man
639,Wild Things
640,The Third Man
641,One Day
642,Saw VII
643,Kiss Kiss Bang Bang
644,Madagascar
645,Playing for Keeps
646,Radio Days
647,The Passion of the Christ
648,The Other Boleyn Girl
649,The Scarlet Letter
650,What Happens in Vegas
651,Monsters University
652,Troy (Epic Film)
653,V for Vendetta
654,The Matrix Revolutions
655,Speed Racer
656,Wilder Napalm
657,Black Knight
658,Black Knight (Comedy)
659,Star Wars: Episode VI - Return of the Jedi
660,Flash Gordon
661,Saving Private Ryan
662,Superbad
663,Pineapple Express
664,This Is the End
665,Funny People
666,Help! (Musical comedy Film)
667,Magical Mystery Tour (Rockumentary Film)
668,Tangled
669,12 Angry Men
670,Swimfan
671,Memoirs of a Geisha
672,WALL-E
673,Her
674,Wilde
675,The Kingdom
676,Silence
677,White Squall
678,Whale Rider
679,Rocky
680,Cast Away
681,Jackie Brown
682,The Age of Innocence
683,Scream
684,A Nightmare on Elm Street
685,Tusk
686,Royal Kill
687,Top Gun
688,Anaconda
689,Deadpool
690,Underworld: Evolution
691,Horrible Bosses
692,Vamperifica
693,Compliance
694,Taken 2
695,Freeheld
696,The House of Mirth
697,The Mist
698,Warcraft
699,The Hiding Place
700,Trouble in Mind (Crime Fiction Film)
701,The Outsiders
702,Rumble Fish
703,Rise of the Planet of the Apes
704,Deuces Wild
705,The Color Purple
706,The Skulls
707,The Republic of Love
708,"Girl, Interrupted"
709,Rush
710,The Lost Symbol
711,The Da Vinci Code
712,Ὀρέστεια
713,Män som hatar kvinnor
714,Amelia
715,Seven Samurai
716,The Bourne Identity
717,The Tourist
718,The Perks of Being a Wallflower
719,Wimbledon
720,Digital Fortress
721,King Kong (Drama Film)
722,Twin Falls Idaho
723,Bruce Almighty
724,The Night Circus
725,The River
726,Cloverfield
727,X-Men: Apocalypse
728,Much Ado About Nothing
729,Gnomeo & Juliet
730,The General's Daughter
731,House of 1000 Corpses
732,Watchmen
733,Uglies
734,A Million Little Pieces
735,The Wash (Comedy)
736,Harry Potter and the Deathly Hallows
737,The Looking Glass Wars
738,King
739,Sing Your Song
740,The Oscar
741,Looking for Alaska
742,Bridge to Terabithia
743,Unstoppable
744,Jaws 2
745,Speed
746,Youngblood (Romance Film)
747,Amélie
748,Children of Men
749,Crossroads (Coming of age Film)
750,Avatar 2
751,The Evil Dead
752,Batman & Robin
753,Ultraviolet
754,The Neon Demon
755,Next Friday
756,All About the Benjamins
757,Cloud Atlas
758,Carrie
759,Thinner (Horror Film)
760,Steve Jobs
761,Ted
762,"Will Grayson, Will Grayson"
763,Anchorman: The Legend of Ron Burgundy
764,A Night at the Roxbury
765,House on Haunted Hill
766,Be Kind Rewind
767,Great Expectations
768,David Copperfield
769,A Christmas Carol and Other Christmas Writings
770,The Matrix
771,The Book of Eli
772,From Paris with Love
773,A Game of Thrones
774,Voyager
775,Drive
776,Blue Valentine
777,Pirates of the Caribbean: At World's End
778,Waiting...
779,Warrior
780,The Egyptian
781,Spartacus
782,Vampire in Brooklyn
783,The Majestic
784,The Brothers Grimm (Action/Adventure Film)
785,Coyote Ugly
786,Boyhood
787,The Six Wives of Henry Lefay
788,Guardians of the Galaxy
789,The Words
790,Terminator Salvation
791,The Immortal Life of Henrietta Lacks
792,The Theory of Everything
793,Side Effects
794,Warrior (Martial arts Film)
795,Red Dragon
796,xXx: State of the Union
797,The Messenger
798,The Lion King
799,Hancock
800,"I, Robot"
801,The Illusionist
802,Lord of War
803,Imagine That
804,The Young Lions
805,The Mysterians
806,Seabiscuit
807,National Velvet
808,There Will Be Blood
809,The Number 23
810,Thirteen (Biographical Film)
811,Women in Trouble
812,Fahrenheit 451
813,"Remember Me, My Love"
814,Shame
815,8 Mile
816,Pauly Shore Is Dead
817,The Light Between Oceans
818,A Streetcar Named Desire
819,Why Did I Get Married Too?
820,Platoon (Drama Film)
821,The Return of a Man Called Horse
822,Reached
823,Colombiana
824,Welcome to the Punch
825,Real Steel
826,What Dreams May Come
827,Unnatural
828,Hellboy
829,"O Brother, Where Art Thou?"
830,True Crime
831,My First Mister
832,The Expendables
833,Rocky IV
834,The Last Samurai
835,Y Tu Mamá También
836,You Will Meet a Tall Dark Stranger
837,Sucker Punch
838,Kung Fu Panda
839,Ant-Man
840,Captain America: The First Avenger
841,The Warrior's Way
842,Casino Royale
843,The World's End
844,Young Frankenstein
845,Spaceballs
846,Whiteout
847,Gladiator
848,The Salon
849,Public Enemies
850,Dark Shadows
851,Looking for Richard
852,Beyond the Sea
853,Kiss of the Dragon
854,The Hangover
855,Zambezia
856,The Only Good Indian
857,The New World
858,Keeping the Faith
859,World Trade Center
860,Mansfield Park
861,Bring It On
862,Wimbledon (Romantic comedy Film)
863,Tin Cup
864,Ice Age
865,Everybody Loves Raymond
866,The Guernsey Literary and Potato Peel Pie Society
867,Water for Elephants (Historical Novel)
868,Man on Wire
869,Jurassic World
870,Transformers: Revenge of the Fallen
871,Easy Rider
872,Play
873,Hair Show
874,Star Trek IV: The Voyage Home
875,Star Trek III: The Search for Spock
876,The Pelican Brief
877,Two for the Money
878,Apocalypto
879,Kill Bill: Vol. 1
880,Young Guns
881,The Alamo
882,The King's Speech
883,Tumbleweeds
884,Scott Pilgrim vs. the World
885,Project X
886,National Treasure
887,The Sorcerer's Apprentice (Fantasy Film) #11
888,Armageddon
889,Crash
890,Unaccompanied Minors
891,Witless Protection
892,500 Days of Summer
893,The Seduction of Joe Tynan
894,Let Me In
895,Van Helsing
896,"You, Me and Dupree"
897,A Wrinkle in Time
898,The Illearth War
899,The Lord of the Rings: The Two Towers
900,Wizards of Waverly Place
901,We Were Soldiers
902,The Panic in Needle Park
903,The Voyage of the Dawn Treader
904,Yoga Hosers
905,The Green Mile
906,Big Hero 6
907,The Last Stand
908,The Fog
909,John Carpenter's The Fog
910,Sneakers (Action/Adventure Film)
911,The Kid
912,The Great Dictator
913,Wayne's World
914,Under the Tuscan Sun
915,Safe Haven
916,Boomerang (Film noir Film)
917,The Hobbit: The Desolation of Smaug
918,Face/Off
919,Three Kings
920,High School Musical
921,The Oath
922,Insomnia
923,Sahara (Buddy Film)
924,Velvet Goldmine
925,Spider-Man 3
926,I Think I Love My Wife
927,Louie
928,Franny and Zooey
929,The Reflecting Skin
930,The Station Agent
931,What's Your Number?
932,The Matrix Reloaded (Thriller Film)
933,Tune in Tomorrow
934,Insidious
935,The Call of the Wild
936,Wildwood Dancing
937,Les Misérables (Romance Film)
938,Robots
939,Toy Story 2
940,City of Angels (Fantasy Film)
941,Ocean's Twelve
942,Mad City
943,The Secret of My Success
944,Mickey Blue Eyes
945,The Island
946,Olympus Has Fallen
947,The God of Small Things
948,Blink: The Power of Thinking Without Thinking
949,What the Dog Saw and Other Adventures
950,Outliers: The Story of Success
951,David and Goliath
952,Saving Mr. Banks
953,The Royal Tenenbaums
954,Rushmore
955,The Wedding Date
956,Wicked (Thriller Film)
957,The Assassination of Jesse James by the Coward Robert Ford
958,The Bible
959,Black Hawk Down
960,The Two Towers
961,Nicolae: The Rise of Antichrist
962,The Sacrilege: The Antichrist Takes the Throne
963,Armageddon: The Cosmic Battle of the Ages
964,Wolves of the Calla
965,The Shining
966,The Terminator
967,The Purge
968,Downfall
969,Kundun
970,Jumbo (Animation Film)
971,Walking Tall
972,Braveheart
973,50 First Dates
974,Incident at Loch Ness
975,A Beautiful Mind
976,Austin Powers in Goldmember
977,Under the Skin
978,"Crazy, Stupid, Love."
979,The Ides of March
980,Wild Target
981,Camp Rock
982,Hugo
983,Desperado
984,The Returned
985,The End of the Affair
986,Winnie the Pooh and Tigger Too
987,The Selfish Gene
988,The Greatest Show on Earth: The Evidence for Evolution
989,Coraline
990,Nikita
991,The Old Dark House (Horror Film) #1
992,Obsessed
993,Zig Zag (Crime Fiction Film)
994,Ted 2
995,The Wildest Dream
996,The Iron Giant
997,The Lion King (Animation Film)
998,Juno
999,Thank You for Smoking
1000,"Where'd You Go, Bernadette"
1001,Watchers
1002,The Hunger Games: Mockingjay - Part 1
1003,Journey to the Center of the Earth
1004,The Talented Mr. Ripley
1005,Ripley's Game
1006,Wyatt Earp's Revenge
1007,22 Jump Street
1008,Magic Mike
1009,TRON: Legacy
1010,Hatchet
1011,Thunderstruck
1012,Wyrd Sisters
1013,Sourcery
1014,A Farewell to Arms
1015,To Have and Have Not
1016,The Truman Show
1017,The Civil War
1018,Thunderball
1019,You Only Live Twice
1020,Avengers: Age of Ultron
1021,Thor
1022,Twilight
1023,This Is 40
1024,Skeleton Key
1025,Blood Diamond
1026,The Siege
1027,Green Lantern
1028,Seventh Son
1029,Micmacs
1030,A Wind in the Door
1031,Slow West
1032,Matching Jack
1033,The World According to Garp
1034,The Dictator
1035,Charlie Wilson's War
1036,Entourage
1037,The Abstinence Teacher
1038,GoldenEye
1039,Mission: Impossible II
1040,White Fang
1041,Vittorio the Vampire
1042,Pandora / Vittorio the Vampire (New Tales of the Vampires)
1043,Jude
1044,Children of the Revolution (Black comedy Film)
1045,Worth Dying For
1046,The Matrix Reloaded
1047,Field of Dreams
1048,Waterworld
1049,The Secret
1050,The Tempest
1051,Redacted
1052,Ted (Comedy)
1053,The Husband's Secret
1054,What Alice Forgot
1055,Silver Linings Playbook
1056,The Andromeda Strain
1057,Step Up Revolution
1058,Toy Story 3
1059,Silent Running
1060,Django Unchained
1061,Blade Runner
1062,Welcome (Bollywood Film)
1063,Two Hands
1064,Welcome to Sarajevo
1065,Law Abiding Citizen
1066,Titan A.E.
1067,Vulgar
1068,Clerks
1069,Charlie and the Chocolate Factory
1070,The Negotiator
1071,Wayne's World 2
1072,"The Twilight Collection (Twilight, #1-3)"
1073,The Johnstown Flood
1074,Reflected in You
1075,The 13th Warrior
1076,Die Hard
1077,Never Let Me Go
1078,Doctor Zhivago
1079,Under the Dome
1080,The Informers
1081,Being John Malkovich
1082,The Young Victoria
1083,Captain Phillips
1084,The Bounty Hunter (Romantic comedy Film)
1085,I Want Someone to Eat Cheese With
1086,Of Mice and Men
1087,East of Eden
1088,Prince of Persia: The Sands of Time
1089,Dungeons & Dragons: Wrath of the Dragon God
1090,The Pathfinder
1091,The Doors
1092,300: Rise of an Empire
1093,The Silence of the Lambs
1094,The Dangerous Lives of Altar Boys
1095,Hoop Dreams
1096,Ghostbusters
1097,This Christmas
1098,Logorama
1099,The Good Earth
1100,The Devil's Advocate
1101,Michael Clayton
1102,Pandemonium
1103,The Curious Case of Benjamin Button
1104,Wakko's Wish
1105,Who Moved My Cheese?
1106,Unlimited Power : The New Science Of Personal Achievement
1107,Twilight: The Complete Illustrated Movie Companion
1108,Zoolander 2
1109,You've Got Mail
1110,The Amazing Spider-Man 2
1111,Things Fall Apart
1112,Wish You Well
1113,True Believer
1114,Safe House
1115,Finding Neverland
1116,All the King's Men
1117,The Girl with the Dragon Tattoo (Thriller Film)
1118,When a Stranger Calls
1119,The Cold Moon
1120,The Vanished Man
1121,Here Comes the Boom
1122,Monster House
1123,Wild: From Lost to Found on the Pacific Crest Trail
1124,Pretty Little Liars
1125,Shattered
1126,Restoration
1127,Date Night
1128,Family Guy
1129,Restless
1130,The Guilt Trip
1131,Wolves
1132,True Lies
1133,Weird Science
1134,10 Things I Hate About You
1135,WordGirl
1136,Winx Club
1137,The Ghost Writer
1138,Wolf Creek
1139,Waiting to Exhale
1140,Funny Games (Thriller Film)
1141,Rain Man
1142,Salem's Lot
1143,Speak
1144,Z for Zachariah
1145,Run Lola Run
1146,The Karate Kid
1147,Bobby
1148,Psycho
1149,Monsters vs. Aliens
1150,Jennifer's Body
1151,Requiem for a Dream
1152,Philadelphia
1153,Antwone Fisher
1154,12 Years a Slave
1155,Space: Above and Beyond
1156,The Incredible Journey
1157,The Hiding Place (Drama Film)
1158,Kill Bill: Vol. 2
1159,The Hunter (Thriller Film)
1160,The Border
1161,Le Divorce
1162,Happy Feet Two
1163,American Gangster
1164,Tarnation
1165,Wolverine and the X-Men
1166,The Powerpuff Girls Movie
1167,Midnight in Paris
1168,The Vow
1169,It
1170,The Basket
1171,Snow White and the Huntsman
1172,I Am Number Four
1173,Avatar
1174,American Beauty
1175,Everyone Says I Love You
1176,Interstellar
1177,The Adventures of Brer Rabbit
1178,Jane Got a Gun
1179,True Blood
1180,Ocean's Eleven
1181,Subway Stories
1182,Yertle the Turtle (Classic Seuss)
1183,The Foot Book: Dr. Seuss's Wacky Book of Opposites (Bright & Early Board Books)
1184,The Cat in the Hat Comes Back
1185,Henry & June
1186,Once Upon a Time in Mexico
1187,The Memory Keeper's Daughter
1188,Voyage au bout de la nuit
1189,Curious George (Animation Film)
1190,WALL·E
1191,The One
1192,Super
1193,The Mask
1194,The Texas Chainsaw Massacre
1195,The Nutty Professor
1196,Take Shelter
1197,A Waste of Shame
1198,Rebecca
1199,My Cousin Rachel
1200,Red Eye
1201,The Cat in the Hat (Musical comedy Film)
1202,City of God
1203,The Escapist (Thriller Film)
1204,The Journals of Sylvia Plath
1205,The Historian
1206,What Just Happened
1207,Once Upon a Time in America
1208,Things Behind the Sun
1209,Repo Chick
1210,More American Graffiti
1211,Antz
1212,Sherlock Holmes: A Game of Shadows
1213,The Ghost and the Darkness
1214,The Painted Veil
1215,Ride Along
1216,Outland (Science Fiction Film)
1217,White Nights
1218,Twister
1219,Evil Dead II
1220,Elle s'appelait Sarah
1221,Boomerang
1222,Men in Black 3
1223,The Polar Express
1224,The Happening
1225,City of Ghosts
1226,Teenage Caveman
1227,American Sniper
1228,When Harry Met Sally...
1229,Iron Man (Science Fiction Film)
1230,Volver
1231,Trainspotting
1232,In the Electric Mist
1233,"Sex, Lies, and Videotape"
1234,Unforgivable Blackness
1235,Indiana Jones and the Temple of Doom
1236,The Town
1237,The Tales of Beedle the Bard
1238,The History Boys
1239,Easy A
1240,Only Angels Have Wings
1241,A Hard Day's Night (Musical comedy Film)
1242,Let It Be (Music Film)
1243,Troy
1244,Top Five
1245,A Mighty Wind
1246,Thor (Science Fiction Film)
1247,Fool's Gold
1248,Uptown Girls
1249,The Return of Swamp Thing
1250,Superman (Science Fiction Film) #527
1251,The Goodbye Girl
1252,Millions
1253,"Go, Dog. Go!"
1254,Catching Fire
1255,The Kite Runner
1256,A Thousand Splendid Suns
1257,Ratatouille
1258,Skyfall
1259,Patriot Games
1260,Do Androids Dream of Electric Sheep?
1261,Mr. & Mrs. Smith
1262,You Shall Know Our Velocity!
1263,Army of Darkness
1264,The Imaginarium of Doctor Parnassus
1265,Wishmaster
1266,Freakonomics: A Rogue Economist Explores the Hidden Side of Everything
1267,Oscar et la dame rose
1268,Virgin Territory
1269,Flickan som lekte med elden
1270,The Yearling
1271,The 40-Year-Old Virgin
1272,The Passage
1273,In Bruges
1274,Dreamcatcher
1275,The Perfect Game
1276,Under the Volcano
1277,Lost
1278,Machete Kills
1279,Warm Springs (Political drama Film)
1280,The Trouble with Harry
1281,Kiss the Girls
1282,Casino
1283,Meet the Parents
1284,Beautiful Disaster
1285,Beautiful Oblivion
1286,A Beautiful Wedding
1287,The Spectacular Now
1288,The Lucky Ones
1289,White Chicks
1290,The Skeleton Twins
1291,"Twilight: The Graphic Novel,"
1292,The Wrestler
1293,Emma
1294,Mean Streets
1295,Taxi Driver
1296,One Flew Over the Cuckoo's Nest
1297,The X Factor (U.S.)
1298,Monty Python and the Holy Grail
1299,Life of Brian
1300,Twelve
1301,Moon
1302,Dallas Buyers Club
1303,My True Love Gave to Me: Twelve Holiday Stories
1304,Toxic (Action/Adventure Film)
1305,The In Crowd (Psychological thriller Film)
1306,Malibu's Most Wanted
1307,Winter's Bone
1308,The Amber Spyglass
1309,The Village
1310,SpaceCamp
1311,Waking Life
1312,Before Sunset
1313,Man on Fire
1314,The Order
1315,Men in Black
1316,Starship Troopers
1317,The Road to El Dorado
1318,Before I Fall
1319,Terminator 3: Rise of the Machines
1320,The Christmas Blessing
1321,Home for the Holidays
1322,School for Scoundrels
1323,Oliver Twist
1324,The Voyages of Doctor Dolittle
1325,Man on the Moon
1326,This Must Be the Place
1327,The Lincoln Lawyer (Crime Fiction Film)
1328,Set It Off
1329,Where the Wild Things Are
1330,Chicken Soup with Rice: A Book of Months
1331,The Glass House (Psychological thriller Film)
1332,The Hired Hand
1333,The Time Machine and The Invisible Man
1334,Wanted
1335,Good Deeds
1336,John Carter
1337,Wolf (Horror Film)
1338,"Crouching Tiger, Hidden Dragon"
1339,Tom Horn (Action/Adventure Film)
1340,Wind Walkers
1341,Women in Love
1342,What Lies Beneath
1343,Raising Arizona
1344,Star Wars Holiday Special
1345,Quantum of Solace
1346,Love and Other Impossible Pursuits
1347,Stripes
1348,London
1349,Wild Card
1350,House at the End of the Street
1351,Twins of Evil
1352,Asylum (Horror Film) #238
1353,The Black Cat (Horror Film) #5
1354,Elysium
1355,The Rite
1356,The Phantom
1357,The Rugrats Movie
1358,Quigley Down Under
1359,Beloved
1360,Nowhere Boy
1361,I Am Legend
1362,Flags of Our Fathers
1363,Zookeeper
1364,Flyboys
1365,Raging Bull
1366,Pain & Gain
1367,Cars 2
1368,Stardust
1369,Ghost Town
1370,I Capture the Castle
1371,The Raven
1372,The Juror
1373,World's Greatest Dad
1374,Retribution
1375,The Godfather: Part II
1376,Wag the Dog
1377,Trading Places
1378,American Psycho
1379,Reality Bites
1380,Submarine (Romantic comedy Film)
1381,Why Do Fools Fall in Love
1382,Edward Scissorhands
1383,Utterly Cold Blooded
1384,It's Kind of a Funny Story
1385,Touch the Dark
1386,The Second Coming (Science Fiction TV Program)
1387,Close My Eyes
1388,The Hitchhiker's Guide to the Galaxy (Science Fiction Film)
1389,Holes
1390,Wayside School is Falling Down
1391,The Wedding
1392,Superman
1393,The Family Stone
1394,Manhattan Murder Mystery
1395,The Good Mother
1396,The Tragedy of Julius Caesar
1397,The Legend of Tarzan
1398,"Paris, je t'aime"
1399,Ransom (Crime Fiction Film) #86
1400,Le cosmicomiche
1401,Predator
1402,The Invention of Wings
1403,Gossip Girl
1404,Ali (Biographical Film)
1405,Celebrity
1406,My Own Private Idaho
1407,Moneyball
1408,The Ramen Girl
1409,Rabbit Hole
1410,Platoon
1411,The Longest Day
1412,Tooth Fairy
1413,The Manchurian Candidate
1414,The Great Debaters
1415,Casablanca
1416,Vampires Suck
1417,End of Days
1418,Black Swan
1419,Heathers
1420,"Beverly Hills, 90210"
1421,Sky Captain and the World of Tomorrow
1422,In the Land of Blood and Honey
1423,Tuck Everlasting
1424,The Watch
1425,The Wiz (Children's Entertainment Film)
1426,Torn Curtain
1427,Jurassic Park III
1428,Fireproof
1429,Without a Trace
1430,The Return
1431,St. Elmo's Fire
1432,The Hotel New Hampshire
1433,Jane Eyre (Romance Film)
1434,The Samaritan
1435,How to Train Your Dragon 2
1436,The Newton Boys
1437,Aliens
1438,Stone
1439,Stone (Thriller Film)
1440,You Kill Me
1441,The Darkest Hour
1442,The Rosie Project
1443,Pocketful of Miracles
1444,America's Sweethearts
1445,Click
1446,The Huntsman: Winter's War
1447,The Going-To-Bed Book
1448,"Moo, Baa, La La La!"
1449,The Improbable Adventures of Sherlock Holmes
1450,The Pit and the Pendulum
1451,The Beaver
1452,The Spirit
1453,Youth in Revolt
1454,Dead Man
1455,Get Smart (Action/Adventure Film)
1456,Journey 2: The Mysterious Island
1457,What's Eating Gilbert Grape
1458,Fanboys
1459,Somewhere in Time
1460,From Dusk Till Dawn
1461,Frida
1462,Goddess of Love
1463,Star Wars: Episode V - The Empire Strikes Back
1464,Cat on a Hot Tin Roof
1465,Eyes Wide Shut
1466,The Mummy Returns
1467,Last Night at Chateau Marmont
1468,Revenge Wears Prada: The Devil Returns
1469,Se7en
1470,Cars
1471,Zombies (Horror Film) #47
1472,The Order (Thriller Film)
1473,The Way of the Gun
1474,We the Living
1475,Chromophobia
1476,Tell No One
1477,Penguins of Madagascar
1478,Catch Me If You Can
1479,The Deer Hunter
1480,Willard (Horror Film)
1481,Final Destination
1482,Wonder
1483,The Virgin Queen
1484,The Stone Angel
1485,Labor Pains
1486,Take This Waltz
1487,"Frankenstein; or, The Modern Prometheus"
1488,Mary Shelley's Frankenstein
1489,Little Fockers
1490,These Happy Golden Years
1491,Old Yeller
1492,Till We Have Faces
1493,Triumph of the Will
1494,Who Do You Think You Are?
1495,Defending Jacob
1496,Way Station
1497,Volcano
1498,Traitor
1499,Cloudy with a Chance of Meatballs
1500,MacGruber
1501,Sharp Objects
1502,What Do You Do?
1503,Buffy the Vampire Slayer
1504,I Can Do Bad All by Myself
1505,Wuthering Heights (Period piece Film)
1506,Natural Born Killers
1507,Teenage Dream
1508,Get Him to the Greek
1509,The Ultimate Matrix Collection
1510,Raiders of the Lost Ark
1511,Danny Collins
1512,Captain America: Civil War
1513,The Equalizer
1514,The Three Musketeers
1515,Trixie (Comedy-drama Film)
1516,Up
1517,Wishin' and Hopin': A Christmas Story
1518,Rachel Getting Married
1519,Tempted
1520,The Aviator (Biographical Film) #6
1521,The Wizard of Oz
1522,Rise of the Guardians
1523,Vatel
1524,Shooter
1525,War Horse
1526,The Hunger Games: Mockingjay - Part 2
1527,Edge of Tomorrow
1528,The Man Who Knew Too Little
1529,Beautiful Darkness
1530,W.
1531,The Life and Death of Peter Sellers
1532,Wah-Wah
1533,Thirteen Moons
1534,Tinker Bell (Children's/Family Film)
1535,The People Speak
1536,The Picture of Dorian Gray
1537,Your Heart Belongs to Me
1538,The Thorn Birds
1539,Star Wars: Episode IV - A New Hope
1540,The Adventures of Pluto Nash
1541,RocketMan
1542,Grace Unplugged
1543,The Invasion (Horror Film)
1544,The Yellow Wallpaper (Thriller Film)
1545,Tin Man
1546,The Awakening (Horror Film) #119
1547,Sliver
1548,The Dogs of War
1549,Go Ask Alice
1550,The Stepfather (Horror Film) #1
1551,The Outsiders (Crime Fiction Film)
1552,Zulu
1553,Trees Lounge
1554,Anger Management
1555,Who's Harry Crumb?
1556,Hot Tub Time Machine
1557,Towers of Midnight
1558,The Great Silence
1559,John Adams
1560,Mornings on Horseback
1561,Truman
1562,Now You See Me
1563,Ex Machina
1564,The Omega Code
1565,Die Another Day
1566,Gattaca
1567,The Greatest
1568,True Legend
1569,The Man in the Iron Mask
1570,Snitch
1571,Hercules (Drama Film)
1572,Frozen
1573,The Way We Were
1574,The Amityville Horror
1575,The Hunger Games: Catching Fire
1576,Cirque du Freak: The Vampire's Assistant
1577,The Next Three Days
1578,While You Were Sleeping
1579,Stuart Little
1580,Dog Days
1581,Batman v Superman: Dawn of Justice
1582,Casanova (Romantic comedy Film)
1583,Undisputed
1584,Sudden Death (Action/Adventure Film)
1585,Double Jeopardy
1586,Creepshow
1587,The Keep
1588,Captain EO
1589,The Italian Job
1590,Contraband
1591,I Am Malala: The Girl Who Stood Up for Education and Was Shot by the Taliban
1592,Fair Game
1593,The Runaway Jury
1594,Fear and Loathing in Las Vegas: A Savage Journey to the Heart of the American Dream
1595,The Rum Diary
1596,Wildcats
1597,Transformers: Age of Extinction
1598,Mad Max: Fury Road
1599,Shadowland
1600,The Quick and the Dead
1601,War
1602,Pleasantville (Comedy-drama Film)
1603,12 Monkeys
1604,Bandidas
1605,Last Play at Shea
1606,Neverwhere
1607,Winnie the Pooh (Animation Film)
1608,Invictus
1609,The Life Aquatic with Steve Zissou
1610,The Darjeeling Limited (Comedy-drama Film)
1611,Luster (Horror Film)
1612,Snowpiercer
1613,"The Good, the Bad, the Weird"
1614,The Horse Whisperer
1615,Mr. 3000
1616,The Pool Boys
1617,The Princess Bride
1618,Ubik
1619,You Can't Take It with You (Screwball comedy Film) #4
1620,Room Service (Comedy)
1621,Max Payne (Action/Adventure Film)
1622,One Fall
1623,The Stuff
1624,Tracker
1625,Ernest & Celestine
1626,The Princess Diaries
1627,Peter Pan
1628,The Sea Wolf
1629,Little House on the Prairie
1630,The First Four Years
1631,Little Bear
1632,Born on the Fourth of July
1633,Fantastic 4: Rise of the Silver Surfer
1634,Les Trois Mousquetaires
1635,Miss Austen Regrets
1636,Emma (Romantic comedy Film)
1637,The King
1638,JFK
1639,The Edge
1640,Woman in Gold
1641,Prisoners
1642,The Name of the Wind
1643,Back to the Future Part II
1644,The Green Hornet
1645,The Wide Window
1646,The Slippery Slope
1647,Rayuela
1648,The Rise of Nine
1649,El amor en los tiempos del cólera
1650,Relato de un náufrago
1651,Love Story
1652,Independence Day (Action/Adventure Film)
1653,Wyatt Earp (Action/Adventure Film)
1654,Dogma
1655,Burn
1656,The Lake House
1657,The Selection
1658,Kick-Ass
1659,Shrek 2
1660,Orphan Train
1661,Taking Chance
1662,And Then Came Love
1663,Milo (Horror Film)
1664,Seven (Psychological thriller Film)
1665,Slither
1666,The In-Laws
1667,Twilight of the Ice Nymphs
1668,Stay Alive
1669,Palo Alto
1670,Point Break
1671,"Unbroken: A World War II Story of Survival, Resilience, and Redemption"
1672,A Fish Called Wanda
1673,Isn't She Great
1674,Twins (Comedy)
1675,The Cotton Club
1676,Vamp (Horror Film)
1677,Boyz n the Hood
1678,Doomsday (Science Fiction Film)
1679,Winter in Wartime
1680,Horton Hears a Who!
1681,Rose in Bloom
1682,Nights in Rodanthe (Romance Film)
1683,Moonwalker
1684,Northanger Abbey
1685,Harvest of Fire
1686,Ali
1687,Safe Men
1688,The Bone Collector
1689,The Exorcist
1690,Witchery (Horror Film)
1691,Teddy Scares
1692,Pretty Woman
1693,The Player
1694,Soul Surfer
1695,Fast & Furious
1696,Predators
1697,Legend (Science Fiction Film)
1698,The X Files: I Want to Believe
1699,Stand by Me
1700,The Underneath
1701,Popeye (Action/Adventure Film)
1702,Mrs. Doubtfire
1703,Motives
1704,The Gospel
1705,Tezz
1706,Borat: Cultural Learnings of America for Make Benefit Glorious Nation of Kazakhstan
1707,Nightcrawler
1708,Rendition
1709,WarGames
1710,S.W.A.T.
1711,What's New Pussycat?
1712,The Curse of the Jade Scorpion
1713,Safety Not Guaranteed
1714,Harry Potter literary series
1715,Pinky and the Brain
1716,Pocahontas (Animation Film) #61
1717,Frasier
1718,Modern Family
1719,The Pink Panther (Comedy)
1720,Yogi Bear
1721,Treachery
1722,The Baby-Sitters Club (Coming of age Film)
1723,Nine
1724,Changing Lanes
1725,Multiplicity
1726,The World Is Not Enough
1727,Tomorrow Never Dies
1728,Adventureland
1729,"That Was Then, This Is Now"
1730,The Open Road
1731,Real Women Have Curves
1732,Zoot Suit
1733,Layer Cake
1734,Outlander
1735,Happy Endings (Romantic comedy Film)
1736,Lady Sings the Blues
1737,Dark Places
1738,The Core
1739,3rd Rock from the Sun
1740,Inside Out
1741,Mommie Dearest
1742,Amadeus
1743,The Wind That Shakes the Barley
1744,The Two Princesses of Bamarre
1745,"The Tragedy of Othello, The Moor of Venice"
1746,The Condemned
1747,Sweet November
1748,Batman Forever
1749,Harry Potter and the Goblet of Fire
1750,The Fighter
1751,Hollywood Chinese
1752,Taking Woodstock
1753,The Witches
1754,Blindness (Psychological thriller Film)
1755,Bedazzled
1756,Whole Lotta Sole
1757,Dr. Dolittle
1758,The Heidi Chronicles
1759,Collateral
1760,I'm Here
1761,Into the Blue
1762,The Death and Life of Bobby Z
1763,Night of the Demons
1764,Witness
1765,Welcome to Mooseport
1766,Maid in Manhattan
1767,Along Came Polly
1768,The Hateful Eight
1769,The Lost Gate
1770,Village of the Giants
1771,The Contract
1772,Pearl Harbor
1773,50/50
1774,Shadowboxer
1775,Nanking
1776,Better Luck Tomorrow
1777,House of Fury
1778,The Hobbit and The Lord of the Rings
1779,The Memoirs of Sherlock Holmes
1780,Wolfhound
1781,Das Parfum. Die Geschichte eines Mörders
1782,Underdog (Action/Adventure Film)
1783,Perfect Sense
1784,Working Girl
1785,The Transporter Refueled
1786,The Rocky Horror Picture Show
1787,Romeo + Juliet
1788,2 Fast 2 Furious
1789,Tigerland
1790,The Thomas Crown Affair
1791,Crazy Heart
1792,Adaptation (Comedy)
1793,Stand Up Guys
1794,25th Hour
1795,Life with Mikey
1796,Quiet: The Power of Introverts in a World that Can't Stop Talking
1797,Seabiscuit (Historical Film)
1798,Kill Bill Volume 2
1799,Find Me Guilty
1800,Planet Terror
1801,Gentlemen Broncos
1802,Nick & Norah's Infinite Playlist
1803,The Devil's Rejects
1804,What About Bob?
1805,Yuvvraaj
1806,Mr. Bean's Holiday
1807,Your Sister's Sister
1808,Cold Mountain
1809,Rent (LGBT Film)
1810,Harry Potter and the Philosopher's Stone
1811,300
1812,Evita (Musical Drama Film)
1813,Grimms' Fairy Tales
1814,Insurgent
1815,Heavenly Creatures
1816,Vicky Cristina Barcelona
1817,Hollywood Ending
1818,Tombstone (Action/Adventure Film)
1819,Love Actually
1820,Topaz
1821,The Last Song
1822,Dear John
1823,The Honeymooners (Comedy) #13
1824,Ocean's Thirteen
1825,The Book Thief
1826,The Mark of Athena
1827,The Lucky One
1828,Unbound Captives
1829,The Twilight Saga: Breaking Dawn - Part 2
1830,The Summer House
1831,Wild
1832,Con Air
1833,The Mortal Instruments: City of Bones
1834,Tremors
1835,A Dangerous Method
1836,Sherlock Holmes and the Case of the Silk Stocking
1837,Last Vegas
1838,Sex Tape
1839,Watership Down
1840,Specials
1841,The Departed
1842,Higher Ground
1843,The Shaggy Dog
1844,When a Man Loves a Woman
1845,Turbulence
1846,The Sisterhood of the Traveling Pants (Coming of age Film)
1847,We Are Your Friends
1848,The Greater Journey: Americans In Paris
1849,Winter's Tale
1850,The Countess
1851,Desperately Seeking Susan
1852,Ray
1853,The Sisterhood of the Traveling Pants
1854,Pitch Perfect
1855,Woman on Top
1856,Event Horizon
1857,Two If by Sea
1858,Zero Effect
1859,Nowhere to Run
1860,Reign of Fire
1861,Undercover Brother
1862,Disaster Movie
1863,Action Jackson
1864,Fidel
1865,The Country Bears
1866,The Water is Wide
1867,سمفونی مردگان
1868,Deconstructing Harry
1869,Disclosure
1870,Wild Hogs
1871,Pirates of the Caribbean: Dead Man's Chest
1872,The Forgotten (Psychological thriller Film)
1873,The Ten Commandments
1874,Thoughtcrimes
1875,"What's Up, Doc?"
1876,Saw V
1877,Eyes of the Dragon
1878,Star Wars: Episode III - Revenge of the Sith
1879,Catwoman
1880,Waking Madison
1881,Surf's Up
1882,From Dusk till Dawn
1883,Fled
1884,The Flintstones in Viva Rock Vegas
1885,The Art of Racing in the Rain
1886,Oldboy (Action Thrillers Film)
1887,Original Sin
1888,The Game of Their Lives
1889,Courage
1890,The Wishsong of Shannara
1891,The Hunt for Red October
1892,Scream 2
1893,Scream 3
1894,The Ring Two
1895,Riding in Cars with Boys
1896,Dance Flick
1897,Yes Please
1898,The Sixth Sense
1899,The Rookie
1900,The Glass House
1901,The Score
1902,Marvin's Room
1903,The Wicker Man
1904,Sherlock Holmes (Crime Fiction Film)
1905,Count Dracula
1906,The Best of Everything
1907,The Patriot
1908,Vertigo (Psychological thriller Film)
1909,The Brave One
1910,Peep World
1911,The Missing
1912,Wonderful World
1913,Ella Enchanted
1914,Un di Velt Hot Geshvign
1915,Jupiter Ascending
1916,Hatfields & McCoys
1917,Paul
1918,Scooby-Doo 2: Monsters Unleashed
1919,The Tigger Movie
1920,Friday
1921,Sorority Row
1922,The Lost Boys
1923,The Prisoner of Zenda
1924,The Good German
1925,The Monuments Men
1926,The Campaign
1927,The Life Before Her Eyes
1928,"Gone, Baby, Gone"
1929,The Longest Yard
1930,"Eat, pray, love: one woman's search for everything across Italy, India and Indonesia"
1931,South Park: Bigger Longer & Uncut
1932,Unknown
1933,Due Date
1934,Falling Angels
1935,The X Files
1936,Rango
1937,Love Ranch
1938,Stoker's Dracula
1939,Daredevil
1940,The Aviator
1941,Wanderlust
1942,Triple 9
1943,Viva Zapata!
1944,The Misfits (Action/Adventure Film)
1945,The Psycho Legacy
1946,Tron
1947,The Nanny Diaries (Comedy-drama Film)
1948,Gods of Egypt
1949,Bag one
1950,1982
1951,Just Married
1952,He's Just Not That Into You (Romantic comedy Film)
1953,Hook Ya Crook
1954,Foxcatcher
1955,"Definitely, Maybe"
1956,The Elite
1957,The Siren
1958,The Purple Rose of Cairo
1959,Serenity
1960,Wolfen
1961,Like Mike
1962,The Adventurer: The Curse of the Midas Box
1963,Wedding Belles
1964,Wonderland (Film)
1965,Mount Dragon
1966,American Psycho 2
1967,Visiting Hours
1968,Under the Same Moon
1969,Thelma & Louise
1970,Donnie Darko
1971,The Box
1972,Masked and Anonymous
1973,Lincoln (Biographical Film)
1974,American Dreamz
1975,Unaccustomed Earth
1976,Chain Reaction (Action/Adventure Film)
1977,The Road to Little Dribbling
1978,Outside Providence
1979,The A-Team (Action/Adventure Film)
1980,Dazed and Confused
1981,An Early Frost
1982,The Incredible Mrs. Ritchie
1983,The Holiday (Comedy-drama Film)
1984,Evermore
1985,Texas Killing Fields
1986,Vampires
1987,The Call
1988,The Heartbreak Kid (Comedy)
1989,The Crocodile Hunter: Collision Course
1990,Bridge of Spies
1991,Brooklyn
1992,Rob Roy
1993,The Undomestic Goddess
1994,Out of Sight
1995,The Very Hungry Caterpillar
1996,Ghostbusters II
1997,Harry Potter and the Chamber of Secrets (Fantasy Film)
1998,Robin Hood (Drama Film)
1999,The Astronaut's Wife
2000,Just Wright
2001,The Minority Report
2002,The Taking of Pelham 1 2 3
2003,The Crazies
2004,Terror in the Aisles
2005,Lethal Weapon 3
2006,The Last Olympian
2007,The Sea of Monsters
2008,The Comfort of Strangers
2009,The Innocent
2010,The Fugitive
2011,About a Boy
2012,Go Set a Watchman
2013,Wam Bam Pac's The Man
2014,The Burning Plain
2015,Made
2016,The Mummy - Tomb of the Dragon Emperor
2017,Collateral Damage
2018,Fast & Furious 6
2019,Valis
2020,Escape from L.A.
2021,"Wonder Woman, Volume 1: Blood"
2022,"And the Band Played On: Politics, People, and the AIDS Epidemic"
2023,The Haunting
2024,The Notorious Bettie Page
2025,Dark City
2026,Your Friend the Rat
2027,Fantastic Four (Action Film)
2028,Man About Town
2029,Still Alice
2030,Love Anthony
2031,The Red House
2032,The Substitute
2033,A Very Gaga Thanksgiving
2034,Anna and the French Kiss
2035,Cronos
2036,A Bridge Too Far
2037,Sexy Beast
2038,Lost Highway
2039,The Blood of My Brother
2040,A Dance with Dragons
2041,The Hollow
2042,Thir13en Ghosts
2043,Everything Put Together
2044,Mockingjay
2045,Gregor the Overlander
2046,Elizabeth
2047,Without Fail
2048,The Divide
2049,Mystic River
2050,Interview with the Vampire: The Vampire Chronicles
2051,Bel Canto
2052,The Patron Saint of Liars
2053,The Thirteenth Tale
2054,The Whistler
2055,The Pompatus of Love
2056,Wuthering Heights
2057,The Gambler
2058,Without a Clue
2059,The Crucible (Drama Film) #6
2060,September Dawn
2061,Hollywood Homicide
2062,Flight
2063,The Business of Strangers
2064,I'm Not There.
2065,White Lightning
2066,The Mists of Avalon (Fantasy Adventure Film)
2067,Inkheart
2068,Ugly Betty
2069,Into Thin Air: A Personal Account of the Mt. Everest Disaster
2070,A Better Life
2071,Lady in the Water
2072,Untraceable
2073,There Be Dragons
2074,The Longest Ride
2075,To Kill a Mockingbird (Crime Fiction Film)
2076,Corpse Bride
2077,Beautiful Redemption
2078,Go
2079,The Story of Art
2080,"The Lion, the Witch and the Wardrobe"
2081,Saving Grace
2082,Incendies
2083,Erskineville Kings
2084,Smokin' Aces
2085,The Bounty Hunter
2086,Hoffa
2087,The Twilight Saga
2088,The Secret of Moonacre
2089,Inferno
2090,Dances with Wolves
2091,Warriors of Virtue
2092,Yojimbo (Art Film)
2093,Mirror Mirror
2094,The Family Man
2095,Going Solo
2096,The Rock
2097,Captain Corelli's Mandolin (Drama Film)
2098,World Trade Center (Action/Adventure Film)
2099,The Interpreter
2100,28 Days Later...
2101,The Wraith
2102,The Ice Harvest
2103,iCarly
2104,The Big Bang Theory
2105,Sweet Home Alabama
2106,象の消滅 [Zō no shōmetsu]
2107,神の子どもたちはみな踊る
2108,キッチン [Kitchen]
2109,The Dragonbone Chair
2110,The Expendables 3
2111,Everything Is Illuminated
2112,Revenge for Jolly!
2113,Deep Impact (Action/Adventure Film)
2114,For Whom the Bell Tolls
2115,The Man from Earth
2116,The Book of Life
2117,Withnail and I
2118,Oz the Great and Powerful
2119,Howl's Moving Castle
2120,The Twilight Saga: New Moon
2121,Kill Bill Volume 1
2122,Gone Girl
2123,The Awful Truth (Romantic comedy Film)
2124,The Tuxedo
2125,Upside Down (Science Fiction Film)
2126,Lord Jim
2127,Fear and Loathing in Las Vegas
2128,Colditz (Drama Film)
2129,Minotaur (Horror Film)
2130,Peggy Sue Got Married
2131,The Loss of a Teardrop Diamond
2132,The Cuckoo's Calling
2133,The Silkworm
2134,You
2135,Be Cool
2136,Star Wars: Episode II - Attack of the Clones
2137,The Man Who Could Cheat Death
2138,Capote
2139,Ender's Game
2140,The Adjustment Bureau
2141,The 5th Wave
2142,Bad Moms
2143,Wings of Desire
2144,Baudolino
2145,Total Recall
2146,The Right Stuff
2147,Anna Karenina
2148,Riddick
2149,"Lock, Stock and Two Smoking Barrels"
2150,Frostbite
2151,The Indigo Spell
2152,The Golden Lily
2153,Magic Burns
2154,Dream a Little Dream
2155,The Year of the Flood
2156,Faithful
2157,Small Sacrifices
2158,Jewel (Television Film)
2159,Peter and Paul
2160,Rear Window (Psychological thriller Film)
2161,Persepolis (Animation Film)
2162,Misery
2163,Ace Ventura: Pet Detective
2164,Night Watch
2165,The Strange Case of Dr Jekyll and Mr Hyde
2166,The Long Walk
2167,Twilight Eyes
2168,The Sword in the Stone
2169,Birdman or (The Unexpected Virtue of Ignorance)
2170,Zipper
2171,She's the Man
2172,The Truth About Cats & Dogs
2173,The Skull
2174,City of Bones
2175,Prozac Nation
2176,Creepshow 2
2177,The Fury
2178,Vampyres
2179,North by Northwest
2180,Beowulf
2181,Chicago
2182,Lionheart (Action/Adventure Film)
2183,Alien 3
2184,1984
2185,"See No Evil, Hear No Evil"
2186,Pulse (Horror Film) #313
2187,Dirty Grandpa
2188,"War, Inc."
2189,Resurrecting the Champ
2190,Do You Believe?
2191,The Last Castle (Thriller Film)
2192,Mr. Jones (Romance Film)
2193,Hook
2194,Hook (Children's/Family Film)
2195,Tootsie
2196,Stargirl
2197,RoboCop
2198,Redline
2199,What's the Worst That Could Happen?
2200,The Cider House Rules
2201,Inspector Gadget (Action/Adventure Film)
2202,Soul Men
2203,Serving Sara
2204,Tsotsi
2205,At the Water's Edge
2206,The Merry Gentleman
2207,The Hitchhiker's Guide to the Galaxy
2208,Straw Dogs
2209,The Last Castle
2210,Waking Ned Devine
2211,Animal Kingdom (Crime Fiction Film)
2212,American Masters
2213,Grudge Match
2214,Dumb & Dumber
2215,One from the Heart
2216,Wizard's First Rule
2217,Kung Fu Panda 2
2218,City of Heavenly Fire
2219,The Shadowhunter's Codex
2220,The Mortal Instruments
2221,Neighbors
2222,Neighbors 2: Sorority Rising
2223,Suicide Squad
2224,What If...
2225,Zombie Hunter
2226,Movie 43
2227,The Sitter
2228,Stepmom
2229,Рассказы и Повести
2230,1900
2231,Why Not Me?
2232,Cradle Will Rock
2233,The Dark Half
2234,Star Wars: Episode I - The Phantom Menace
2235,Star Trek: Nemesis
2236,Sleepwalkers
2237,Stargate Universe
2238,Megamind
2239,MegaMind
2240,Merry Madagascar
2241,Varsity Blues
2242,The Waterboy
2243,Mindhunters
2244,The Saint (Action/Adventure Film)
2245,Animal Farm: A Fairy Story
2246,Nineteen Eighty-Four
2247,Bound
2248,Gone in Sixty Seconds
2249,Let It Snow: Three Holiday Romances
2250,Kung Fu Hustle
2251,You Know You Love Me
2252,North (Comedy-drama Film)
2253,United 93
2254,Full Frontal
2255,Practical Magic
2256,Despicable Me 2
2257,Allegiant
2258,The Lord of the Rings
2259,Smilla's Sense of Snow
2260,Harriet the Spy (Comedy-drama Film)
2261,17 Again
2262,Ponyo
2263,Project Runway
2264,Dog Day Afternoon
2265,Close Encounters of the Third Kind
2266,Good in Bed
2267,Then Came You
2268,Bad Boys II
2269,Junkhearts
2270,The Walking Dead
2271,The Eclipse
2272,The Preacher's Wife
2273,Harry Potter and the Deathly Hallows - Part I
2274,Panic
2275,The Joy Luck Club
2276,The Bonesetter's Daughter
2277,The Valley of Amazement
2278,Leaves of Grass
2279,Tora! Tora! Tora!
2280,Warbreaker
2281,Bossypants
2282,Senna (Documentary Film)
2283,Why Did I Get Married?
2284,The Trotsky
2285,Return of the Jedi
2286,Wheelmen
2287,The Graveyard Book
2288,New in Town
2289,Water
2290,The International
2291,Hoosiers
2292,Abraham (Epic Film)
2293,Violets Are Blue
2294,Rudy
2295,Greg Heffley's Journal
2296,The Wimpy Kid Movie Diary: How Greg Heffley Went Hollywood
2297,Old School
2298,Snow Flower and the Secret Fan
2299,Shaft (Crime Fiction Film)
2300,Delirious (Romantic comedy Film) #86
2301,Freakonomics
2302,Gothika
2303,The Lazarus Effect
2304,The Puffy Chair
2305,Confessions of a Shopaholic
2306,Witness in Death
2307,"Born in Death (In Death, #23)"
2308,Airplane!
2309,Hoodwinked!
2310,Pollock
2311,Mastering the Art of French Cooking
2312,Bram Stoker's Dracula
2313,The Third Wheel
2314,Utsav
2315,Jab We Met
2316,Friends with Kids
2317,The Good Dinosaur
2318,Wake of Death
2319,National Lampoon's Christmas Vacation 2
2320,Shallow Hal
2321,Six-String Samurai
2322,The Jacket
2323,A Woman Named Jackie
2324,At First Sight
2325,Shit Year
2326,Furious 7
2327,Exit Through the Gift Shop
2328,Thumbsucker
2329,L.A. Confidential
2330,Resurrection (Science Fiction Film)
2331,Thunderheart
2332,Nell
2333,Zathura: A Space Adventure
2334,Mama
2335,The Terminator (Film)
2336,The Stepfather
2337,The Shallows
2338,Wolf
2339,Pulse
2340,Z Storm
2341,Number the Stars
2342,Breaking Dawn
2343,The Wedding Planner
2344,Cloak & Dagger
2345,Monster-in-Law
2346,The Hot Flashes
2347,Robin Hood
2348,The River Why
2349,Constantine
2350,The Toxic Avenger
2351,Silent Hill (Horror Film)
2352,My Cousin Vinny
2353,Dinner for Schmucks
2354,Happy Feet
2355,All My Sons
2356,Tuck Everlasting (Coming of age Film)
2357,The Deep End of the Ocean
2358,Modern Romance
2359,Fantastic Beasts and Where to Find Them: The Original Screenplay
2360,The Other Woman
2361,Upright Citizens Brigade
2362,Big Fish
2363,I Still Dream About You
2364,Z: A Novel of Zelda Fitzgerald
2365,A Serious Man
2366,The Postman
2367,Raise the Titanic
2368,The Kennedys of Massachusetts
2369,The Daytrippers
2370,Dr. Strangelove or: How I Learned to Stop Worrying and Love the Bomb
2371,Will Penny
2372,The Place Beyond the Pines
2373,Space Cowboys
2374,Trapped
2375,The Martian Chronicles
2376,Take the Money and Run
2377,Max (Political drama Film)
2378,Dragonfly in Amber
2379,Fringe
2380,Veronica Mars
2381,You Can Count on Me
2382,Gideon's Daughter
2383,Spirited Away
2384,Twisted
2385,Johnson Family Vacation
2386,Teenage Mutant Ninja Turtles III
2387,Strange Behavior
2388,"What's Up, Tiger Lily?"
2389,The Hours
2390,Dead Until Dark
2391,Wilde Salome
2392,Mad Max Beyond Thunderdome
2393,A Tale of Two Cities
2394,Nicholas Nickleby
2395,The House Bunny
2396,To Your Scattered Bodies Go
2397,The Tipping Point: How Little Things Can Make a Big Difference
2398,"Stones into Schools: Promoting Peace with Books, Not Bombs, in Afghanistan and Pakistan"
2399,Baby Boy
2400,The Last Five Years
2401,State Fair
2402,The Producers
2403,Yes
2404,Undertow
2405,The Kitchen God's Wife
2406,The Joy Luck Club (Family Drama Film)
2407,The Guardian (Drama Film) #4
2408,Me Before You
2409,The Ship of Brides
2410,The Last Letter From Your Lover
2411,The Girl You Left Behind
2412,Virus (Horror Film) #364
2413,Step Up
2414,Tower Heist
2415,Tinker Tailor Soldier Spy
2416,The Truth About Charlie
2417,City of Ember
2418,Hotel for Dogs
2419,The Pianist (Biographical Film)
2420,Lolita
2421,Terror Train
2422,My Girl 2
2423,The Gunman
2424,Drawing on the Right Side of the Brain
2425,The Sisterhood of the Traveling Pants 2 (Coming of age Film)
2426,Hollow Man
2427,The Wendell Baker Story
2428,Wonderland (Crime Thriller Film)
2429,Hobo with a Shotgun
2430,Monster's Ball
2431,Psychic Experiment
2432,Friday the 13th Part 2
2433,Where the Red Fern Grows
2434,The Towering Inferno
2435,The First Men in the Moon
2436,Wristcutters: A Love Story
2437,Cherrybomb
2438,Epic (Animation Film) #58
2439,Swordfish (Action/Adventure Film)
2440,The Funhouse
2441,I Don't Know How She Does It
2442,The Mask of Zorro
2443,The Legend of Zorro
2444,The Sandman: The Wake
2445,The Last Unicorn
2446,Walt Disney's Wonderful World of Color
2447,Near Dark
2448,Live Evil (Horror Film)
2449,Wintergirls
2450,Sinbad: Legend of the Seven Seas
2451,They
2452,The Thin Red Line
2453,Re-Kill
2454,The Wailing
2455,The Mummy
2456,Stand on Zanzibar
2457,Winged Creatures
2458,The People I've Slept With
2459,Johns
2460,The Burning Land
2461,Trojan Odyssey
2462,Noel
2463,Tell-All
2464,Middlesex
2465,Art School Confidential
2466,Fallen
2467,Hotel on the Corner of Bitter and Sweet
2468,Shark Tale
2469,I've Got Your Number
2470,"PS, I Love You"
2471,Breathing Lessons
2472,The Thomas Crown Affair (Crime Fiction Film) #2
2473,The Sand Pebbles
2474,The Hunter (Action/Adventure Film)
2475,The Lathe of Heaven
2476,The Little Prince
2477,The West Wing
2478,Funny Girl (Musical comedy Film)
2479,The Sandlot
2480,Wonder Woman (Action/Adventure Film)
2481,"Unravel Me (Shatter Me, #2)"
2482,Fracture Me
2483,Het Achterhuis: Dagboekbrieven 14 juni 1942 - 1 augustus 1944
2484,The Breakfast Club
2485,Next Day Air
2486,The Last Summer (of You and Me)
2487,That's My Boy
2488,The Venture Bros.
2489,Poltergeist III
2490,Red 2
2491,The Nutcracker in 3D
2492,Brewster's Millions
2493,The Ref
2494,Moulin Rouge!
2495,She Hate Me
2496,The War Within (Indie Film)
2497,Can't Stop the Music
2498,Fifty Shades Freed
2499,The Great Gatsby (Drama Film)
2500,Never Say Never Again
2501,The NeverEnding Story
2502,Warlock
2503,Elizabethtown (Comedy-drama Film)
2504,The Warlords
2505,The Island of Dr. Moreau
2506,Vampire's Kiss
2507,Inside Llewyn Davis
2508,On the Road (Drama Film)
2509,Eldest
2510,Nausicaä of the Valley of the Wind
2511,The Making of Star Wars
2512,Stay Tuned
2513,The Ice Storm
2514,The Change-Up
2515,Spun
2516,Spectre
2517,Miss Bala
2518,The One Warrior
2519,Parks and Recreation
2520,Baby Mama
2521,Womb
2522,Trust
2523,Run All Night
2524,The Eye of the World
2525,A Bend in the Road
2526,The Dresden Files (Science Fiction TV Program)
2527,The Twilight Saga: Eclipse
2528,Butch Cassidy and the Sundance Kid
2529,Good Kill
2530,Fall of Giants
2531,The Mechanic
2532,The Smurfs
2533,The Duchess
2534,Marley & Me: Life and Love with the World's Worst Dog
2535,Shanghai Knights
2536,The Visit (Crime Fiction Film)
2537,Steel Magnolias (Award-Winning Work)
2538,Black Beauty
2539,Timecode
2540,The Perfect Score
2541,Foolproof
2542,The French Connection
2543,Boogie Nights
2544,Eragon
2545,Our Idiot Brother
2546,The Break-Up
2547,Marked
2548,Woken Furies
2549,The Covenant
2550,The tragedie of King Richard the second
2551,North and South
2552,Sleepers
2553,Session 9
2554,Adventureland (Romantic comedy Film)
2555,Cheats
2556,Charlotte's Web
2557,The Purge: Election Year
2558,The Adventures of Huckleberry Finn
2559,My Date with Drew
2560,Erin Brockovich
2561,Night Falls on Manhattan
2562,Random Hearts
2563,Paradise Lost (Fantasy Film)
2564,Helen of Troy (History Film)
2565,Interview with the Assassin
2566,Lara Croft: Tomb Raider
2567,Get Shorty
2568,A Walk Among the Tombstones
2569,Major League II
2570,When We Were Orphans
2571,UFC 94
2572,Wild Child
2573,Sex (Fantasy Book)
2574,Filth and Wisdom
2575,21 Jump Street (Crime Fiction Film)
2576,Who's That Girl (Romantic comedy Film)
2577,Revenge of the Bridesmaids
2578,West Side Story
2579,Two Can Play That Game
2580,The Silmarillion
2581,Four: A Divergent Collection
2582,The House of Sand
2583,Love in the Time of Cholera (Romance Film)
2584,Fantasia (Animated Musical Film)
2585,"Good Omens: The Nice and Accurate Prophecies of Agnes Nutter, Witch"
2586,Witches Abroad
2587,Quidditch Through the Ages
2588,Very Bad Things
2589,Torchwood
2590,Birdman
2591,Wild Bill (Action/Adventure Film)
2592,Where We Belong
2593,5 Card Stud (Action/Adventure Film)
2594,The Wool Cap
2595,The Ultimate Hitchhiker's Guide: Five Complete Novels and One Story
2596,"So Long, and Thanks for All the Fish"
2597,The Wind and the Lion
2598,The League of Extraordinary Gentlemen (Science Fiction Film)
2599,An Artist of the Floating World
2600,The Relic
2601,Nights in Rodanthe
2602,The Secret Life of Walter Mitty
2603,A Discovery of Witches
2604,Rockshow
2605,The Pacifier
2606,How to Train Your Dragon
2607,Parenthood (Comedy-drama Film)
2608,The Gift
2609,Urban Legend
2610,Jason Bourne
2611,Midnight in the Garden of Good and Evil
2612,Mallrats
2613,America's Next Top Model
2614,Star Trek Into Darkness
2615,The magician's nephew
2616,Summer of Sam
2617,The Nut Job
2618,3:10 to Yuma
2619,Forsaken
2620,The Watcher
2621,Get Smart
2622,The Rundown
2623,The Perez Family
2624,Washington Heights (Crime Fiction Film)
2625,Begin Again
2626,"The Walking Dead, Vol. 1: Days Gone Bye"
2627,Wolf Brother
2628,The Bad Seed
2629,Lucky Break
2630,Snow Dogs
2631,Tropic Island Hum
2632,A View to a Kill
2633,Stone Cold
2634,Yuva
2635,Tears of the Sun
2636,Blood and Bone
2637,The Special Relationship
2638,"The Life and Strange Surprising Adventures of Robinson Crusoe of York, Mariner"
2639,The Terminal (Comedy-drama Film)
2640,Revenge of the Stepford Wives
2641,Conspiracy Theory
2642,The Spiderwick Chronicles
2643,Xanadu (Children's Entertainment Film)
2644,The Sneetches and Other Stories
2645,Apollo 13 (Historical Film)
2646,Bad Teacher
2647,Head of State
2648,Without a Paddle
2649,The Day the Earth Stood Still
2650,Hard Candy
2651,Drop Dead Fred
2652,The Last Kiss
2653,Runaway Bride
2654,Zoe's Tale
2655,ZMD: Zombies of Mass Destruction
2656,Castle in the Sky
2657,"The Hitchhiker's Guide to the Galaxy: The Trilogy of Four (Hitchhiker's Guide, #1-4)"
2658,Three Complete Novels: Carrie/Salem's Lot/The Shining
2659,Superman II
2660,Green Zone (Thriller Film)
2661,Gone Baby Gone
2662,The Infiltrator
2663,The Girl Next Door (Horror Film)
2664,Yesterday Was a Lie
2665,Born to Be Wild (Drama Film)
2666,Les visiteurs
2667,The Magic Roundabout (Animation Film)
2668,The Sky Crawlers
2669,Into the Storm
2670,Anger Management (Black comedy Film)
2671,E.T. the Extra-Terrestrial
2672,While My Pretty One Sleeps
2673,The Cinderella Murder
2674,Zack and Miri Make a Porno
2675,Won't Back Down
2676,Tracker (Action/Adventure Film) #9
2677,Underworld
2678,Things to Do in Denver When You're Dead
2679,Uncommon Valor
2680,The Short Second Life of Bree Tanner
2681,Seventh Son (Children's Entertainment Film)
2682,"I Love You, Man"
2683,What's Love Got to Do with It
2684,Howl's Moving Castle (Anime Film)
2685,Half Nelson
2686,"Welcome Home, Roscoe Jenkins"
2687,A Fistful of Dollars
2688,For a Few Dollars More
2689,Levity
2690,The Jay Leno Show
2691,Avenue Montaigne (Romantic comedy Film)
2692,Ordinary People
2693,Shutter
2694,We Don't Live Here Anymore
2695,I Spy
2696,The Road
2697,The Finkler Question
2698,Furry Vengeance
2699,Batman Returns
2700,Dracula
2701,A Girl Cut in Two
2702,The Devil's Double
2703,Buffy the Vampire Slayer (Horror Film)
2704,Warehouse 13
2705,Patton
2706,The Restaurant at the End of the Universe
2707,Fantastic Mr. Fox
2708,One for the Money
2709,Panther
2710,Show Me
2711,Night of the Living Dead
2712,The Young and Prodigious T.S. Spivet
2713,Chain Letter
2714,Reno 911!
2715,The Big Bang (Thriller Film)
2716,Youth in Revolt (Romantic comedy Film)
2717,Extremely Loud & Incredibly Close
2718,The Hobbit
2719,The Lawnmower Man
2720,The Dark Crystal
2721,This Means War
2722,American History X
2723,Lake of Fire
2724,On a Clear Day
2725,All Together Now
2726,Over the Hedge
2727,Dollhouse
2728,The Monstrumologist
2729,The Good Girl
2730,"Hush, Hush"
2731,Fire and Ice
2732,Spy Kids 3-D: Game Over
2733,Scent of a Woman
2734,The Ellen DeGeneres Show
2735,The Powerpuff Girls
2736,Merlin (Action/Adventure TV Program)
2737,Jesus of Nazareth
2738,The Lincoln Lawyer
2739,Saw VI
2740,Home Fries
2741,Get Rich or Die Tryin'
2742,The Second Civil War
2743,Brokeback Mountain
2744,If You Take a Mouse to the Movies
2745,The Sorcerer's Apprentice
2746,Scream of the Banshee
2747,The Iron Lady
2748,"Yours, Mine & Ours"
2749,Captain Corelli's Mandolin
2750,2001
2751,Christmas with the Kranks
2752,Nine Months
2753,A Good Day to Die Hard
2754,New Year's Eve
2755,The Replacements (Action/Adventure Film)
2756,Le Comte de Monte-Cristo
2757,The Odyssey
2758,Freddy vs. Jason
2759,The Baader Meinhof Complex
2760,Heart of Darkness
2761,Unforgotten
2762,Thunderbirds (Science Fiction Film)
2763,The Man from Snowy River
2764,Mad Max 2: The Road Warrior
2765,The Descendants
2766,Mystery Men
2767,Sicario
2768,Choke (Black comedy Film)
2769,The Company
2770,The Cable Guy
2771,Deck the Halls (Comedy)
2772,Hannibal Rising
2773,Cheaper by the Dozen
2774,Posse
2775,Batman (Fantasy Film)
2776,Batman
2777,The Visit
2778,Heaven Help Us
2779,Hart's War
2780,The Music Never Stopped
2781,Jack & Diane (Horror Film)
2782,Bloody Sunday
2783,The Portable Atheist: Essential Readings for the Non-believer
2784,The Losers
2785,Independence Day: Resurgence
2786,Arthur and the Invisibles
2787,Hotel Transylvania
2788,The Wedding Singer (Romantic comedy Film)
2789,"Yours, Mine and Ours"
2790,Coming Home
2791,The Bodyguard
2792,The Hunting Party
2793,"ダンス・ダンス・ダンス [Dansu, dansu, dansu]"
2794,I Know Why the Caged Bird Sings
2795,Losin' It
2796,Crossing Hennessy
2797,If You Give a Mouse a Cookie
2798,Breakfast at Tiffany's
2799,Pontypool
2800,Mars Attacks!
2801,Hell's Angels
2802,The Young Americans (Crime Fiction Film)
2803,The Last Runaway
2804,She's All That
2805,Red Queen
2806,Traffic (Political drama Film)
2807,Frankenweenie
2808,Ed Wood
2809,Harry Brown
2810,Stranger than Fiction
2811,Beastly
2812,Promised Land
2813,Timecrimes
2814,The Perfect Storm
2815,Girl with a Pearl Earring
2816,Drama
2817,Snow Crash
2818,A Time to Love and a Time to Die
2819,Kung Pow: Enter the Fist
2820,Three Weeks with My Brother
2821,The Final Destination
2822,Green Card
2823,A Guy Thing
2824,Bridget Jones's Diary (Romantic comedy Film)
2825,Who Killed the Electric Car?
2826,You and I (Thriller Film)
2827,Open Grave
2828,Thirteen
2829,The Aftermath
2830,"Tomorrow, When the War Began"
2831,Foundation
2832,The End of Eternity
2833,The Light Fantastic
2834,Serpico
2835,Dick Tracy (Crime Fiction Film)
2836,Ashes to Ashes
2837,Millennium series
2838,Get Low
2839,The Egg
2840,The Color of Money
2841,Nanny McPhee
2842,Zathura
2843,The Best Man
2844,Scooby-Doo (Comedy)
2845,Slacker
2846,Musical theatre
2847,Oliver!
2848,Rock of Ages
2849,The River Wild
2850,Extremely Loud and Incredibly Close
2851,In the Mouth of Madness
2852,Diary of a Mad Black Woman
2853,Chicken Little
2854,These Old Broads
2855,The Gazebo
2856,The Visitor (Horror Film)
2857,Sayonara
2858,Witchville
2859,The Silver Chair
2860,My Fellow Americans
2861,The Calling
2862,The Grapes of Wrath
2863,Like Crazy
2864,Beverly Hills Chihuahua
2865,New York Minute
2866,Not Another Teen Movie
2867,The Old Man and the Sea
2868,Harry Potter and the Prisoner of Azkaban (Children's Entertainment Film)
2869,Mountains of the Moon (Action/Adventure Film)
2870,Gunless
2871,Two Family House
2872,Race (Crime Fiction Film)
2873,Scary Movie
2874,…trotzdem Ja zum Leben sagen: Ein Psychologe erlebt das Konzentrationslager
2875,The Pink Panther 2
2876,Gray Lady Down
2877,The Glass Castle
2878,You Got Served
2879,Starsky & Hutch
2880,Cinderella Man
2881,Graduation Day
2882,Jack-O
2883,Zombiegeddon
2884,BloodRayne
2885,Chain of Fools (Action/Adventure Film)
2886,Grown Ups 2
2887,The Rescue
2888,The Spy Next Door
2889,Heist
2890,Miss Peregrine’s Home for Peculiar Children
2891,Turn the River
2892,Get Carter (Action/Adventure Film)
2893,Agora
2894,The Witch of Blackbird Pond
2895,The Sign of the Beaver
2896,National Lampoon's Van Wilder
2897,George of the Jungle
2898,Twixt
2899,The X-Files
2900,The Flying Scotsman
2901,Purple Storm
2902,Isabella (Drama Film)
2903,I Love You Phillip Morris
2904,House of Sand
2905,In the Valley of Elah
2906,Slapstick
2907,The Bucket List
2908,The Twilight Saga: The Official Guide
2909,Falling in Love
2910,Ya-Yas in Bloom
2911,The Smurfs 2
2912,Fog City Mavericks
2913,13 Going on 30
2914,Mrs Henderson Presents
2915,Romance & Cigarettes
2916,The Wicker Man (Horror Film) #15
2917,Whatever It Takes (Romantic comedy Film)
2918,Kurbaan
2919,The Rugrats Movie (Animation Film)
2920,Just Visiting
2921,National Lampoon's Christmas Vacation
2922,The Understudy
2923,Atlas Shrugged
2924,Cat's Cradle
2925,Welcome to the Monkey House
2926,Wither
2927,Johnny Mnemonic
2928,Beginners
2929,The Boy in the Striped Pyjamas
2930,Nightwatch (Psychological thriller Film) #21
2931,A Love Song for Bobby Long
2932,School Daze
2933,Clash of the Titans
2934,Treasure Island
2935,Kidnapped
2936,Takers
2937,The Way Back Home
2938,Poison Ivy (Suspense Film)
2939,Music and Lyrics
2940,Doubt
2941,Throne of Glass
2942,Red River Blue
2943,We Need to Talk About Kevin
2944,In Our Time
2945,The Santa Clause 2
2946,The Cat in the Hat
2947,Madagascar (Animation Film)
2948,The English Roses
2949,Don Jon
2950,The Replacement Killers
2951,The Assassin's Blade
2952,Living Dead in Dallas
2953,Stuart Little 2
2954,So You Want to Be a Wizard
2955,Pride & Prejudice
2956,The Last House on the Left
2957,The Teeth of the Tiger
2958,Couples Retreat
2959,The Swindle
2960,Chasing Amy
2961,Starter for 10
2962,Wild at Heart
2963,Charlie and the Chocolate Factory (Children's Fantasy Film)
2964,In the Company of Men
2965,Frailty
2966,Austin Powers: The Spy Who Shagged Me
2967,The Punisher (Crime Fiction Film)
2968,Along Came a Spider (Psychological thriller Film)
2969,The Sweeney
2970,The Bounty
2971,The Beastmaster
2972,The Dick Van Dyke Show
2973,A Very Long Engagement
2974,The Heart Is Deceitful Above All Things
2975,Trucker
2976,AKA
2977,Manny & Lo
2978,Free Four: Tobias Tells the Divergent Story
2979,Vertical Limit
2980,Lord of the Flies (Psychological thriller Film)
2981,World War Z (Horror Film)
2982,Bambi II
2983,Homegrown (Crime Fiction Film)
2984,A Little Princess
2985,Everlost
2986,Fried Green Tomatoes at the Whistle Stop Cafe
2987,All Night Long (Romantic comedy Film)
2988,Bangkok Dangerous
2989,The District
2990,TMNT
2991,3
2992,Congo (Science Fiction Film)
2993,Black Dagger Brotherhood
2994,The Third Twin
2995,Undercover Blues
2996,Persuasion (Costume drama Film)
2997,花ざかりの君たちへ 1
2998,Blow Out
2999,When We Were Very Young
3000,Winnie-the-Pooh
3001,The House at Pooh Corner
3002,The Governess
3003,Labyrinth
3004,Ape House
3005,Air America (Comedy)
3006,Billy Elliot the Musical
3007,Gone in 60 Seconds
3008,The Hunchback of Notre-Dame
3009,Machine Gun McCain
3010,Sherlock Holmes
3011,Childstar
3012,Blind Date (Romantic comedy Film) #12
3013,Jingle All the Way
3014,Mr. Popper's Penguins
3015,Notes on a Scandal
3016,The Poisonwood Bible
3017,Without Limits
3018,The Great Gilly Hopkins
3019,Hopeless
3020,Ugly Love
3021,Slammed
3022,Shark Night 3D
3023,The Dead Pool
3024,Sholay
3025,Don 2
3026,Winter’s Bone
3027,Waiting for Forever
3028,Welcome to Macintosh
3029,Animal Kingdom: Let's go Ape
3030,Heretics of Dune
3031,"Moby Dick; or, The Whale"
3032,Paycheck
3033,Star Trek: Generations
3034,Sleepless in Seattle
3035,Hop (Animation Film)
3036,How to Lose a Guy in 10 Days
3037,Madame Bovary
3038,The Piano Teacher
3039,Lady Chatterley's Lover
3040,Weeds
3041,Angels in the Outfield
3042,Jack the Giant Slayer
3043,Xenocide
3044,Gremlins 2: The New Batch
3045,Robots (Animation Film)
3046,Magnolia
3047,Two Boys Kissing
3048,What to Expect When You're Expecting
3049,Hesher
3050,The Tripper
3051,Black November
3052,The Mermaid Chair
3053,The Chemist
3054,Prefontaine
3055,We Own the Night
3056,Can You Keep a Secret?
3057,The Running Man (Science Fiction Film)
3058,Twenty Thousand Leagues Under the Sea
3059,"Moby-Dick; or, The Whale"
3060,Alex in Wonderland
3061,Zapped!
3062,The Red Pyramid
3063,A Light in the Attic
3064,Iliad
3065,Odyssey
3066,Brüno
3067,Odd Thomas
3068,The Bad Place
3069,Trace
3070,The Last Precinct
3071,Prayers for Rain
3072,Asterix at the Olympic Games
3073,The Kitchen House
3074,The Spanish Prisoner
3075,Under Siege 2: Dark Territory
3076,The Armenian Genocide
3077,Dancer in the Dark
3078,The Gunslinger
3079,Paper Moon
3080,If I Stay
3081,Variant
3082,Sapphique
3083,The Mummy (Horror Film) #52
3084,Cloudy with a Chance of Meatballs 2
3085,Stir of Echoes
3086,Tucker & Dale vs. Evil
3087,We the Party
3088,Never Back Down 2: The Beatdown
3089,Whispers in the Dark
3090,Superman: Whatever Happened to the Man of Tomorrow?
3091,Void Moon
3092,Heavy Weights
3093,Too Big to Fail
3094,Conan the Destroyer
3095,Wolf Girl
3096,Casablanca (Drama Film)
3097,Winnie the Pooh
3098,The Blue Butterfly
3099,Spider (Psychological thriller Film)
3100,The Sarah Silverman Program.
3101,The Best Years of Our Lives
3102,The Rainmaker (Crime Fiction Film)
3103,Aloha
3104,The Paris Wife
3105,Rama II
3106,Looney Tunes: Back in Action
3107,The Stepford Wives
3108,Babylon A.D.
3109,Munich (Political thriller Film)
3110,The Scarlet Letter (Costume drama Film)
3111,Legend
3112,The Young Elites
3113,Watchmen (Action/Adventure Film)
3114,Thunderbirds
3115,Trouble with the Curve
3116,The Long and Short of It
3117,The Waiting Room (Romance Film)
3118,The Red Violin
